{
  "😀": [
    0,
    1.030208
  ],
  "😃": [
    1.180208,
    1.149167
  ],
  "😄": [
    2.479375,
    1.760583
  ],
  "😁": [
    4.389958,
    0.985083
  ],
  "😆": [
    5.525041,
    0.827625
  ],
  "😅": [
    6.502666,
    0.500875
  ],
  "🤣": [
    7.153541,
    1.358792
  ],
  "😂": [
    8.662333,
    0.849792
  ],
  "🙂": [
    9.662125,
    0.481208
  ],
  "🙃": [
    10.293333,
    0.829167
  ],
  "😉": [
    11.2725,
    0.536917
  ],
  "😊": [
    11.959417,
    0.816333
  ],
  "😇": [
    12.92575,
    1.186375
  ],
  "🥰": [
    14.262125,
    1.154125
  ],
  "😍": [
    15.56625,
    0.869375
  ],
  "🤩": [
    16.585625,
    0.897125
  ],
  "😘": [
    17.63275,
    0.510833
  ],
  "😗": [
    18.293583,
    0.841167
  ],
  "😚": [
    19.28475,
    0.8125
  ],
  "😙": [
    20.24725,
    0.8445
  ],
  "😋": [
    21.24175,
    0.551417
  ],
  "😛": [
    21.943167,
    0.678667
  ],
  "😜": [
    22.771834,
    0.959
  ],
  "🤪": [
    23.880834,
    0.8495
  ],
  "😝": [
    24.880334,
    0.876958
  ],
  "🤑": [
    25.907292,
    0.507417
  ],
  "🤗": [
    26.564709,
    0.801792
  ],
  "🤭": [
    27.516501,
    0.673167
  ],
  "🤫": [
    28.339668,
    0.36525
  ],
  "🤔": [
    28.854918,
    0.545125
  ],
  "🤐": [
    29.550043,
    0.715042
  ],
  "🤨": [
    30.415085,
    0.501167
  ],
  "😐": [
    31.066252,
    0.715
  ],
  "😑": [
    31.931252,
    0.893917
  ],
  "😶": [
    32.975169,
    0.941625
  ],
  "😏": [
    34.066794,
    0.494375
  ],
  "😒": [
    34.711169,
    0.640833
  ],
  "🙄": [
    35.502002,
    0.705542
  ],
  "😬": [
    36.357544,
    0.86075
  ],
  "😔": [
    37.368294,
    0.527333
  ],
  "😪": [
    38.045627,
    0.514208
  ],
  "🤤": [
    38.709835,
    0.730833
  ],
  "😴": [
    39.590668,
    0.585167
  ],
  "😷": [
    40.325835,
    1.001583
  ],
  "🤒": [
    41.477418,
    0.487292
  ],
  "🤕": [
    42.11471,
    0.858917
  ],
  "🤢": [
    43.123627,
    0.509375
  ],
  "🤧": [
    43.783002,
    0.68175
  ],
  "🥵": [
    44.614752,
    0.798167
  ],
  "🥶": [
    45.562919,
    0.812833
  ],
  "😱": [
    46.525752,
    0.853208
  ],
  "😨": [
    47.52896,
    0.486167
  ],
  "😰": [
    48.165127,
    0.521625
  ],
  "😥": [
    48.836752,
    1.107083
  ],
  "😢": [
    50.093835,
    0.523083
  ],
  "😭": [
    50.766918,
    0.874583
  ],
  "😤": [
    51.791501,
    0.846667
  ],
  "😠": [
    52.788168,
    0.461958
  ],
  "😡": [
    53.400126,
    0.436667
  ],
  "🤬": [
    53.986793,
    0.665625
  ],
  "😈": [
    54.802418,
    0.669625
  ],
  "👿": [
    55.622043,
    0.948417
  ],
  "💀": [
    56.72046,
    0.481958
  ],
  "💩": [
    57.352418,
    0.475417
  ],
  "🤡": [
    57.977835,
    0.565417
  ],
  "👹": [
    58.693252,
    0.710333
  ],
  "👺": [
    59.553585,
    0.504
  ],
  "👻": [
    60.207585,
    0.528333
  ],
  "👽": [
    60.885918,
    0.692083
  ],
  "🤖": [
    61.728001,
    0.691625
  ],
  "😺": [
    62.569626,
    0.972917
  ],
  "😸": [
    63.692543,
    0.808958
  ],
  "😻": [
    64.651501,
    1.040083
  ],
  "😹": [
    65.841584,
    1.118417
  ],
  "😼": [
    67.110001,
    0.659917
  ],
  "😽": [
    67.919918,
    0.657333
  ],
  "🙀": [
    68.727251,
    0.668042
  ],
  "😿": [
    69.545293,
    0.609458
  ],
  "😾": [
    70.304751,
    0.689917
  ],
  "👋": [
    71.144668,
    0.524958
  ],
  "🤚": [
    71.819626,
    0.944
  ],
  "✋": [
    72.913626,
    0.520208
  ],
  "🖐️": [
    73.583834,
    1.160417
  ],
  "👌": [
    74.894251,
    0.913542
  ],
  "🤌": [
    75.957793,
    0.703
  ],
  "✌️": [
    76.810793,
    0.895417
  ],
  "🤞": [
    77.85621,
    0.912417
  ],
  "🤟": [
    78.918627,
    0.835583
  ],
  "🤘": [
    79.90421,
    0.934375
  ],
  "👍": [
    80.988585,
    0.485542
  ],
  "👎": [
    81.624127,
    0.322792
  ],
  "👊": [
    82.096919,
    0.545667
  ],
  "✊": [
    82.792586,
    0.976
  ],
  "🤜": [
    83.918586,
    0.583208
  ],
  "🤛": [
    84.651794,
    0.553917
  ],
  "👏": [
    85.355711,
    0.46625
  ],
  "🙌": [
    85.971961,
    0.918792
  ],
  "🤲": [
    87.040753,
    1.319792
  ],
  "🤝": [
    88.510545,
    0.485208
  ],
  "🙏": [
    89.145753,
    0.560083
  ],
  "💪": [
    89.855836,
    0.466542
  ],
  "🦵": [
    90.472378,
    0.331792
  ],
  "🦶": [
    90.95417,
    0.301458
  ],
  "👂": [
    91.405628,
    0.458667
  ],
  "👃": [
    92.014295,
    0.471708
  ],
  "👀": [
    92.636003,
    0.505833
  ],
  "👅": [
    93.291836,
    0.564125
  ],
  "👄": [
    94.005961,
    0.307875
  ],
  "🧠": [
    94.463836,
    0.481208
  ],
  "🦷": [
    95.095044,
    0.567083
  ],
  "👶": [
    95.812127,
    0.4485
  ],
  "🧒": [
    96.410627,
    0.512708
  ],
  "👦": [
    97.073335,
    0.477583
  ],
  "👧": [
    97.700918,
    0.492542
  ],
  "🧑": [
    98.34346,
    0.284167
  ],
  "👨": [
    98.777627,
    0.469583
  ],
  "👩": [
    99.39721,
    0.453583
  ],
  "🧓": [
    100.000793,
    0.645542
  ],
  "👴": [
    100.796335,
    0.639208
  ],
  "👵": [
    101.585543,
    0.650875
  ],
  "❤️": [
    102.386418,
    0.486292
  ],
  "🧡": [
    103.02271,
    0.521792
  ],
  "💛": [
    103.694502,
    0.489125
  ],
  "💚": [
    104.333627,
    0.495917
  ],
  "💙": [
    104.979544,
    0.515208
  ],
  "💜": [
    105.644752,
    0.477708
  ],
  "🖤": [
    106.27246,
    0.471125
  ],
  "🤍": [
    106.893585,
    0.474333
  ],
  "🤎": [
    107.517918,
    0.507792
  ],
  "💔": [
    108.17571,
    0.552542
  ],
  "❣️": [
    108.878252,
    1.115292
  ],
  "💕": [
    110.143544,
    0.687417
  ],
  "💞": [
    110.980961,
    0.848333
  ],
  "💓": [
    111.979294,
    0.534792
  ],
  "💗": [
    112.664086,
    1.071708
  ],
  "💖": [
    113.885794,
    1.31125
  ],
  "💘": [
    115.347044,
    1.714333
  ],
  "💝": [
    117.211377,
    0.991583
  ],
  "💟": [
    118.35296,
    0.975583
  ],
  "☮️": [
    119.478543,
    0.925667
  ],
  "✝️": [
    120.55421,
    0.716625
  ],
  "⭐": [
    121.420835,
    0.524208
  ],
  "🌟": [
    122.095043,
    0.979792
  ],
  "💫": [
    123.224835,
    0.543625
  ],
  "✨": [
    123.91846,
    0.539042
  ],
  "🔥": [
    124.607502,
    0.316667
  ],
  "💥": [
    125.074169,
    0.456667
  ],
  "💢": [
    125.680836,
    0.83875
  ],
  "💨": [
    126.669586,
    0.509083
  ],
  "💦": [
    127.328669,
    0.55425
  ],
  "💤": [
    128.032919,
    0.53825
  ],
  "🌈": [
    128.721169,
    0.533375
  ],
  "☀️": [
    129.404544,
    0.501167
  ],
  "🌤️": [
    130.055711,
    0.937083
  ],
  "⛅": [
    131.142794,
    0.499667
  ],
  "🌧️": [
    131.792461,
    0.541125
  ],
  "⛈️": [
    132.483586,
    0.49325
  ],
  "🌩️": [
    133.126836,
    0.526375
  ],
  "❄️": [
    133.803211,
    0.554833
  ],
  "🌊": [
    134.508044,
    0.468708
  ],
  "🌙": [
    135.126752,
    0.464667
  ],
  "🌍": [
    135.741419,
    0.963792
  ],
  "🌎": [
    136.855211,
    1.01925
  ],
  "🌏": [
    138.024461,
    0.888667
  ],
  "🐶": [
    139.063128,
    0.495958
  ],
  "🐱": [
    139.709086,
    0.513833
  ],
  "🐭": [
    140.372919,
    0.7375
  ],
  "🐹": [
    141.260419,
    0.569542
  ],
  "🐰": [
    141.979961,
    0.657708
  ],
  "🦊": [
    142.787669,
    0.479042
  ],
  "🐻": [
    143.416711,
    0.382083
  ],
  "🐼": [
    143.948794,
    0.51425
  ],
  "🐨": [
    144.613044,
    0.442417
  ],
  "🐯": [
    145.205461,
    0.72075
  ],
  "🦁": [
    146.076211,
    0.527667
  ],
  "🐮": [
    146.753878,
    0.536875
  ],
  "🐷": [
    147.440753,
    0.51425
  ],
  "🐸": [
    148.105003,
    0.512792
  ],
  "🐵": [
    148.767795,
    0.492167
  ],
  "🙈": [
    149.409962,
    1.04025
  ],
  "🙉": [
    150.600212,
    1.052292
  ],
  "🙊": [
    151.802504,
    1.064917
  ],
  "🐔": [
    153.017421,
    0.548917
  ],
  "🐧": [
    153.716338,
    0.487958
  ],
  "🐦": [
    154.354296,
    0.2915
  ],
  "🦆": [
    154.795796,
    0.494208
  ],
  "🦅": [
    155.440004,
    0.467333
  ],
  "🦉": [
    156.057337,
    0.662208
  ],
  "🦇": [
    156.869545,
    0.551083
  ],
  "🐺": [
    157.570628,
    0.269042
  ],