{
  "😀": [
    0,
    1.038667
  ],
  "😃": [
    1.188667,
    1.683
  ],
  "😄": [
    3.021667,
    1.883375
  ],
  "😁": [
    5.055042,
    1.836042
  ],
  "😆": [
    7.041084,
    1.843083
  ],
  "😅": [
    9.034167,
    1.550792
  ],
  "🤣": [
    10.734959,
    0.827875
  ],
  "😂": [
    11.712834,
    1.31225
  ],
  "🙂": [
    13.175084,
    1.448542
  ],
  "🙃": [
    14.773626,
    1.147208
  ],
  "😉": [
    16.070834,
    1.561625
  ],
  "😊": [
    17.782459,
    1.883375
  ],
  "😇": [
    19.815834,
    1.81625
  ],
  "🥰": [
    21.782084,
    1.894625
  ],
  "😍": [
    23.826709,
    1.983708
  ],
  "🤩": [
    25.960417,
    1.306625
  ],
  "😘": [
    27.417042,
    1.4745
  ],
  "😗": [
    29.041542,
    1.31175
  ],
  "😚": [
    30.503292,
    1.982958
  ],
  "😙": [
    32.63625,
    2.07225
  ],
  "😋": [
    34.8585,
    1.304667
  ],
  "😛": [
    36.313167,
    1.346542
  ],
  "😜": [
    37.809709,
    2.346833
  ],
  "🤪": [
    40.306542,
    0.778167
  ],
  "😝": [
    41.234709,
    2.338583
  ],
  "🤑": [
    43.723292,
    2.169542
  ],
  "🤗": [
    46.042834,
    1.273
  ],
  "🤭": [
    47.465834,
    1.803542
  ],
  "🤫": [
    49.419376,
    1.278875
  ],
  "🤔": [
    50.848251,
    1.072708
  ],
  "🤐": [
    52.070959,
    2.548625
  ],
  "🤨": [
    54.769584,
    1.564042
  ],
  "😐": [
    56.483626,
    0.976375
  ],
  "😑": [
    57.610001,
    1.338542
  ],
  "😶": [
    59.098543,
    1.140792
  ],
  "😏": [
    60.389335,
    1.03675
  ],
  "😒": [
    61.576085,
    1.165208
  ],
  "🙄": [
    62.891293,
    1.32475
  ],
  "😬": [
    64.366043,
    1.094583
  ],
  "😔": [
    65.610626,
    1.403417
  ],
  "😪": [
    67.164043,
    1.044042
  ],
  "🤤": [
    68.358085,
    1.089417
  ],
  "😴": [
    69.597502,
    1.596917
  ],
  "😷": [
    71.344419,
    1.821083
  ],
  "🤒": [
    73.315502,
    1.451583
  ],
  "🤕": [
    74.917085,
    2.005958
  ],
  "🤢": [
    77.073043,
    1.059875
  ],
  "🤧": [
    78.282918,
    1.16975
  ],
  "🥵": [
    79.602668,
    1.061833
  ],
  "🥶": [
    80.814501,
    1.146458
  ],
  "😱": [
    82.110959,
    1.322708
  ],
  "😨": [
    83.583667,
    0.98275
  ],
  "😰": [
    84.716417,
    1.388833
  ],
  "😥": [
    86.25525,
    1.47675
  ],
  "😢": [
    87.882,
    1.132583
  ],
  "😭": [
    89.164583,
    1.75725
  ],
  "😤": [
    91.071833,
    2.011
  ],
  "😠": [
    93.232833,
    1.104125
  ],
  "😡": [
    94.486958,
    0.907083
  ],
  "🤬": [
    95.544041,
    2.046458
  ],
  "😈": [
    97.740499,
    1.859042
  ],
  "👿": [
    99.749541,
    1.791458
  ],
  "💀": [
    101.690999,
    0.412958
  ],
  "💩": [
    102.253957,
    0.668875
  ],
  "🤡": [
    103.072832,
    1.065375
  ],
  "👹": [
    104.288207,
    0.354083
  ],
  "👺": [
    104.79229,
    0.453417
  ],
  "👻": [
    105.395707,
    0.657
  ],
  "👽": [
    106.202707,
    0.944083
  ],
  "🤖": [
    107.29679,
    0.450417
  ],
  "😺": [
    107.897207,
    0.635333
  ],
  "😸": [
    108.68254,
    1.454583
  ],
  "😻": [
    110.287123,
    1.540292
  ],
  "😹": [
    111.977415,
    1.11675
  ],
  "😼": [
    113.244165,
    1.474042
  ],
  "😽": [
    114.868207,
    1.016542
  ],
  "🙀": [
    116.034749,
    0.684
  ],
  "😿": [
    116.868749,
    0.823917
  ],
  "😾": [
    117.842666,
    0.746542
  ],
  "👋": [
    118.739208,
    0.77875
  ],
  "🤚": [
    119.667958,
    0.845542
  ],
  "✋": [
    120.6635,
    0.570292
  ],
  "🖐️": [
    121.383792,
    1.435958
  ],
  "👌": [
    122.96975,
    0.712958
  ],
  "🤌": [
    123.832708,
    0.734292
  ],
  "✌️": [
    124.717,
    1.088917
  ],
  "🤞": [
    125.955917,
    0.747417
  ],
  "🤟": [
    126.853334,
    0.998375
  ],
  "🤘": [
    128.001709,
    0.886292
  ],
  "👍": [
    129.038001,
    0.596042
  ],
  "👎": [
    129.784043,
    0.627833
  ],
  "👊": [
    130.561876,
    0.691542
  ],
  "✊": [
    131.403418,
    0.525708
  ],
  "🤜": [
    132.079126,
    1.037667
  ],
  "🤛": [
    133.266793,
    0.968333
  ],
  "👏": [
    134.385126,
    1.038083
  ],
  "🙌": [
    135.573209,
    0.570292
  ],
  "🤲": [
    136.293501,
    0.725625
  ],
  "🤝": [
    137.169126,
    0.668833
  ],
  "🙏": [
    137.987959,
    0.71275
  ],
  "💪": [
    138.850709,
    1.02175
  ],
  "🦵": [
    140.022459,
    0.477625
  ],
  "🦶": [
    140.650084,
    0.247042
  ],
  "👂": [
    141.047126,
    0.483375
  ],
  "👃": [
    141.680501,
    0.272375
  ],
  "👀": [
    142.102876,
    0.249333
  ],
  "👅": [
    142.502209,
    0.4775
  ],
  "👄": [
    143.129709,
    0.436583
  ],
  "🧠": [
    143.716292,
    0.512292
  ],
  "🦷": [
    144.378584,
    0.293833
  ],
  "👶": [
    144.822417,
    0.439583
  ],
  "🧒": [
    145.412,
    0.40275
  ],
  "👦": [
    145.96475,
    0.521542
  ],
  "👧": [
    146.636292,
    0.414375
  ],
  "🧑": [
    147.200667,
    0.53725
  ],
  "👨": [
    147.887917,
    0.323083
  ],
  "👩": [
    148.361,
    0.38575
  ],
  "🧓": [
    148.89675,
    0.746792
  ],
  "👴": [
    149.793542,
    0.647417
  ],
  "👵": [
    150.590959,
    0.757708
  ],
  "❤️": [
    151.498667,
    0.655167
  ],
  "🧡": [
    152.303834,
    0.716333
  ],
  "💛": [
    153.170167,
    0.644375
  ],
  "💚": [
    153.964542,
    0.66475
  ],
  "💙": [
    154.779292,
    0.521
  ],
  "💜": [
    155.450292,
    0.589083
  ],
  "🖤": [
    156.189375,
    0.705667
  ],
  "🤍": [
    157.045042,
    0.507625
  ],
  "🤎": [
    157.702667,
    0.622417
  ],
  "💔": [
    158.475084,
    0.656958
  ],
  "❣️": [
    159.282042,
    1.463833
  ],
  "💕": [
    160.895875,
    0.650958
  ],
  "💞": [
    161.696833,
    0.8775
  ],
  "💓": [
    162.724333,
    0.639792
  ],
  "💗": [
    163.514125,
    0.894083
  ],
  "💖": [
    164.558208,
    0.716708
  ],
  "💘": [
    165.424916,
    1.116833
  ],
  "💝": [
    166.691749,
    0.943625
  ],
  "💟": [
    167.785374,
    1.698708
  ],
  "☮️": [
    169.634082,
    0.880625
  ],
  "✝️": [
    170.664707,
    0.720917
  ],
  "⭐": [
    171.535624,
    0.5125
  ],
  "🌟": [
    172.198124,
    0.962667
  ],
  "💫": [
    173.310791,
    0.684833
  ],
  "✨": [
    174.145624,
    0.67775
  ],
  "🔥": [
    174.973374,
    0.290958
  ],
  "💥": [
    175.414332,
    0.543042
  ],
  "💢": [
    176.107374,
    1.061833
  ],
  "💨": [
    177.319207,
    0.297625
  ],
  "💦": [
    177.766832,
    0.944458
  ],
  "💤": [
    178.86129,
    0.850042
  ],
  "🌈": [
    179.861332,
    0.723042
  ],
  "☀️": [
    180.734374,
    0.597583
  ],
  "🌤️": [
    181.481957,
    1.624375
  ],
  "⛅": [
    183.256332,
    1.358625
  ],
  "🌧️": [
    184.764957,
    1.051083
  ],
  "⛈️": [
    185.96604,
    1.438375
  ],
  "🌩️": [
    187.554415,
    1.151458
  ],
  "❄️": [
    188.855873,
    0.940292
  ],
  "🌊": [
    189.946165,
    0.44575
  ],
  "🌙": [
    190.541915,
    0.888625
  ],
  "🌍": [
    191.58054,
    1.111667
  ],
  "🌎": [
    192.842207,
    0.892417
  ],
  "🌏": [
    193.884624,
    1.141958
  ],
  "🐶": [
    195.176582,
    0.797708
  ],
  "🐱": [
    196.12429,
    0.692417
  ],
  "🐭": [
    196.966707,
    0.853667
  ],
  "🐹": [
    197.970374,
    0.559333
  ],
  "🐰": [
    198.679707,
    0.804292
  ],
  "🦊": [
    199.633999,
    0.542542
  ],
  "🐻": [
    200.326541,
    0.389792
  ],
  "🐼": [
    200.866333,
    0.40175
  ],
  "🐨": [
    201.418083,
    0.430208
  ],
  "🐯": [
    201.998291,
    0.882208
  ],
  "🦁": [
    203.030499,
    0.371042
  ],
  "🐮": [
    203.551541,
    0.871333
  ],
  "🐷": [
    204.572874,
    0.883542
  ],
  "🐸": [
    205.606416,
    0.584417
  ],
  "🐵": [
    206.340833,
    0.935292
  ],
  "🙈": [
    207.426125,
    1.42625
  ],
  "🙉": [
    209.002375,
    1.46375
  ],
  "🙊": [
    210.616125,
    1.441875
  ],
  "🐔": [
    212.208,
    0.326958
  ],
  "🐧": [
    212.684958,
    0.472792
  ],
  "🐦": [
    213.30775,
    0.392542
  ],
  "🦆": [
    213.850292,
    0.521167
  ],
  "🦅": [
    214.521459,
    0.396417
  ],
  "🦉": [
    215.067876,
    0.386292
  ],
  "🦇": [
    215.604168,
    0.702292
  ],