{
  "😀": [
    0,
    0.831167
  ],
  "😃": [
    0.981167,
    1.528167
  ],
  "😄": [
    2.659334,
    1.758375
  ],
  "😁": [
    4.567709,
    1.7955
  ],
  "😆": [
    6.513209,
    1.295458
  ],
  "😅": [
    7.958667,
    1.314167
  ],
  "🤣": [
    9.422834,
    1.486792
  ],
  "😂": [
    11.059626,
    1.333458
  ],
  "🙂": [
    12.543084,
    1.417583
  ],
  "🙃": [
    14.110667,
    1.203
  ],
  "😉": [
    15.463667,
    0.924167
  ],
  "😊": [
    16.537834,
    1.9185
  ],
  "😇": [
    18.606334,
    1.53175
  ],
  "🥰": [
    20.288084,
    1.519458
  ],
  "😍": [
    21.957542,
    1.727042
  ],
  "🤩": [
    23.834584,
    0.79725
  ],
  "😘": [
    24.781834,
    1.19325
  ],
  "😗": [
    26.125084,
    0.85375
  ],
  "😚": [
    27.128834,
    1.712667
  ],
  "😙": [
    28.991501,
    1.758542
  ],
  "😋": [
    30.900043,
    1.141208
  ],
  "😛": [
    32.191251,
    0.953583
  ],
  "😜": [
    33.294834,
    1.391333
  ],
  "🤪": [
    34.836167,
    0.897833
  ],
  "😝": [
    35.884,
    1.498167
  ],
  "🤑": [
    37.532167,
    1.094417
  ],
  "🤗": [
    38.776584,
    0.851458
  ],
  "🤭": [
    39.778042,
    1.223833
  ],
  "🤫": [
    41.151875,
    0.955167
  ],
  "🤔": [
    42.257042,
    0.824417
  ],
  "🤐": [
    43.231459,
    1.096292
  ],
  "🤨": [
    44.477751,
    1.391208
  ],
  "😐": [
    46.018959,
    0.912292
  ],
  "😑": [
    47.081251,
    1.1775
  ],
  "😶": [
    48.408751,
    0.929417
  ],
  "😏": [
    49.488168,
    0.984667
  ],
  "😒": [
    50.622835,
    0.983417
  ],
  "🙄": [
    51.756252,
    1.354667
  ],
  "😬": [
    53.260919,
    0.968708
  ],
  "😔": [
    54.379627,
    0.899542
  ],
  "😪": [
    55.429169,
    0.981208
  ],
  "🤤": [
    56.560377,
    0.9265
  ],
  "😴": [
    57.636877,
    0.965208
  ],
  "😷": [
    58.752085,
    1.322625
  ],
  "🤒": [
    60.22471,
    1.058833
  ],
  "🤕": [
    61.433543,
    1.304708
  ],
  "🤢": [
    62.888251,
    1.1725
  ],
  "🤧": [
    64.210751,
    1.03025
  ],
  "🥵": [
    65.391001,
    0.799625
  ],
  "🥶": [
    66.340626,
    0.784042
  ],
  "😱": [
    67.274668,
    1.256667
  ],
  "😨": [
    68.681335,
    0.955125
  ],
  "😰": [
    69.78646,
    1.326167
  ],
  "😥": [
    71.262627,
    1.456792
  ],
  "😢": [
    72.869419,
    0.880042
  ],
  "😭": [
    73.899461,
    1.352958
  ],
  "😤": [
    75.402419,
    1.4075
  ],
  "😠": [
    76.959919,
    0.856292
  ],
  "😡": [
    77.966211,
    1.013208
  ],
  "🤬": [
    79.129419,
    1.237083
  ],
  "😈": [
    80.516502,
    1.577917
  ],
  "👿": [
    82.244419,
    1.339292
  ],
  "💀": [
    83.733711,
    0.574792
  ],
  "💩": [
    84.458503,
    0.845125
  ],
  "🤡": [
    85.453628,
    0.807833
  ],
  "👹": [
    86.411461,
    0.491667
  ],
  "👺": [
    87.053128,
    0.5735
  ],
  "👻": [
    87.776628,
    0.508167
  ],
  "👽": [
    88.434795,
    0.560167
  ],
  "🤖": [
    89.144962,
    0.621167
  ],
  "😺": [
    89.916129,
    0.731917
  ],
  "😸": [
    90.798046,
    1.685458
  ],
  "😻": [
    92.633504,
    1.6555
  ],
  "😹": [
    94.439004,
    1.335583
  ],
  "😼": [
    95.924587,
    1.136958
  ],
  "😽": [
    97.211545,
    0.787375
  ],
  "🙀": [
    98.14892,
    0.800333
  ],
  "😿": [
    99.099253,
    0.749458
  ],
  "😾": [
    99.998711,
    0.783333
  ],
  "👋": [
    100.932044,
    0.860083
  ],
  "🤚": [
    101.942127,
    1.179667
  ],
  "✋": [
    103.271794,
    0.82
  ],
  "🖐️": [
    104.241794,
    1.283083
  ],
  "👌": [
    105.674877,
    0.791792
  ],
  "🤌": [
    106.616669,
    0.924667
  ],
  "✌️": [
    107.691336,
    0.907208
  ],
  "🤞": [
    108.748544,
    0.945083
  ],
  "🤟": [
    109.843627,
    0.987
  ],
  "🤘": [
    110.980627,
    1.088125
  ],
  "👍": [
    112.218752,
    0.6135
  ],
  "👎": [
    112.982252,
    0.770417
  ],
  "👊": [
    113.902669,
    1.054417
  ],
  "✊": [
    115.107086,
    0.898667
  ],
  "🤜": [
    116.155753,
    1.198125
  ],
  "🤛": [
    117.503878,
    1.216417
  ],
  "👏": [
    118.870295,
    0.996708
  ],
  "🙌": [
    120.017003,
    1.015333
  ],
  "🤲": [
    121.182336,
    1.016625
  ],
  "🤝": [
    122.348961,
    0.681875
  ],
  "🙏": [
    123.180836,
    0.893375
  ],
  "💪": [
    124.224211,
    1.065625
  ],
  "🦵": [
    125.439836,
    0.483667
  ],
  "🦶": [
    126.073503,
    0.429875
  ],
  "👂": [
    126.653378,
    0.405458
  ],
  "👃": [
    127.208836,
    0.580125
  ],
  "👀": [
    127.938961,
    0.557917
  ],
  "👅": [
    128.646878,
    0.429583
  ],
  "👄": [
    129.226461,
    0.392
  ],
  "🧠": [
    129.768461,
    0.478
  ],
  "🦷": [
    130.396461,
    0.47975
  ],
  "👶": [
    131.026211,
    0.497792
  ],
  "🧒": [
    131.674003,
    0.480458
  ],
  "👦": [
    132.304461,
    0.473042
  ],
  "👧": [
    132.927503,
    0.449458
  ],
  "🧑": [
    133.526961,
    0.590958
  ],
  "👨": [
    134.267919,
    0.542042
  ],
  "👩": [
    134.959961,
    0.518333
  ],
  "🧓": [
    135.628294,
    0.901
  ],
  "👴": [
    136.679294,
    0.652083
  ],
  "👵": [
    137.481377,
    0.637833
  ],
  "❤️": [
    138.26921,
    0.711875
  ],
  "🧡": [
    139.131085,
    0.705917
  ],
  "💛": [
    139.987002,
    0.809125
  ],
  "💚": [
    140.946127,
    0.710125
  ],
  "💙": [
    141.806252,
    0.649292
  ],
  "💜": [
    142.605544,
    0.740417
  ],
  "🖤": [
    143.495961,
    0.691458
  ],
  "🤍": [
    144.337419,
    0.668125
  ],
  "🤎": [
    145.155544,
    0.734292
  ],
  "💔": [
    146.039836,
    0.785375
  ],
  "❣️": [
    146.975211,
    1.125
  ],
  "💕": [
    148.250211,
    0.732
  ],
  "💞": [
    149.132211,
    1.067792
  ],
  "💓": [
    150.350003,
    0.745458
  ],
  "💗": [
    151.245461,
    0.79225
  ],
  "💖": [
    152.187711,
    0.984542
  ],
  "💘": [
    153.322253,
    0.909542
  ],
  "💝": [
    154.381795,
    0.877625
  ],
  "💟": [
    155.40942,
    1.006042
  ],
  "☮️": [
    156.565462,
    0.743208
  ],
  "✝️": [
    157.45867,
    0.951
  ],
  "⭐": [
    158.55967,
    0.602125
  ],
  "🌟": [
    159.311795,
    0.881417
  ],
  "💫": [
    160.343212,
    0.505958
  ],
  "✨": [
    160.99917,
    0.745083
  ],
  "🔥": [
    161.894253,
    0.468833
  ],
  "💥": [
    162.513086,
    0.615875
  ],
  "💢": [
    163.278961,
    0.761958
  ],
  "💨": [
    164.190919,
    0.849542
  ],
  "💦": [
    165.190461,
    1.064417
  ],
  "💤": [
    166.404878,
    0.82775
  ],
  "🌈": [
    167.382628,
    0.652292
  ],
  "☀️": [
    168.18492,
    0.541417
  ],
  "🌤️": [
    168.876337,
    1.491292
  ],
  "⛅": [
    170.517629,
    1.143917
  ],
  "🌧️": [
    171.811546,
    0.931708
  ],
  "⛈️": [
    172.893254,
    1.456292
  ],
  "🌩️": [
    174.499546,
    1.018458
  ],
  "❄️": [
    175.668004,
    0.789833
  ],
  "🌊": [
    176.607837,
    0.770083
  ],
  "🌙": [
    177.52792,
    0.815042
  ],
  "🌍": [
    178.492962,
    1.548208
  ],
  "🌎": [
    180.19117,
    1.376542
  ],
  "🌏": [
    181.717712,
    1.653708
  ],
  "🐶": [
    183.52142,
    0.809667
  ],
  "🐱": [
    184.481087,
    0.795167
  ],
  "🐭": [
    185.426254,
    0.837792
  ],
  "🐹": [
    186.414046,
    0.578625
  ],
  "🐰": [
    187.142671,
    0.900667
  ],
  "🦊": [
    188.193338,
    0.589917
  ],
  "🐻": [
    188.933255,
    0.446208
  ],
  "🐼": [
    189.529463,
    0.515875
  ],
  "🐨": [
    190.195338,
    0.556042
  ],
  "🐯": [
    190.90138,
    0.861667
  ],
  "🦁": [
    191.913047,
    0.536167
  ],
  "🐮": [
    192.599214,
    0.744708
  ],
  "🐷": [
    193.493922,
    0.775333
  ],
  "🐸": [
    194.419255,
    0.505875
  ],
  "🐵": [
    195.07513,
    0.917625
  ],
  "🙈": [
    196.142755,
    1.192417
  ],
  "🙉": [
    197.485172,
    1.137042
  ],
  "🙊": [
    198.772214,
    1.292958
  ],
  "🐔": [
    200.215172,
    0.49725
  ],
  "🐧": [
    200.862422,
    0.554042
  ],
  "🐦": [
    201.566464,
    0.43275
  ],
  "🦆": [
    202.149214,
    0.422458
  ],
  "🦅": [
    202.721672,
    0.431125
  ],
  "🦉": [
    203.302797,
    0.515292
  ],
  "🦇": [
    203.968089,
    0.39325
  ],